Page URL,Custom label
https://pickireland.best/air-fryers/best-air-fryers-ireland.html,air-fryers
https://pickireland.best/air-fryers/best-budget-air-fryers-under-100-ireland.html,air-fryers
https://pickireland.best/air-fryers/best-dual-zone-air-fryers-ireland.html,air-fryers
https://pickireland.best/air-fryers/best-large-air-fryers-families-ireland.html,air-fryers
https://pickireland.best/air-fryers/best-compact-air-fryers-small-kitchens-ireland.html,air-fryers
https://pickireland.best/air-fryers/index.html,air-fryers
https://pickireland.best/air-purifiers/best-air-purifiers-ireland.html,air-purifiers
https://pickireland.best/air-purifiers/best-air-purifiers-allergies-hay-fever-ireland.html,air-purifiers
https://pickireland.best/air-purifiers/best-quiet-air-purifiers-bedroom-ireland.html,air-purifiers
https://pickireland.best/air-purifiers/best-air-purifiers-large-rooms-ireland.html,air-purifiers
https://pickireland.best/air-purifiers/best-budget-air-purifiers-under-150-ireland.html,air-purifiers
https://pickireland.best/air-purifiers/index.html,air-purifiers
https://pickireland.best/coffee-machines/best-coffee-machines-ireland.html,coffee-machines
https://pickireland.best/coffee-machines/best-bean-to-cup-coffee-machines-ireland.html,coffee-machines
https://pickireland.best/coffee-machines/best-budget-coffee-machines-under-150-ireland.html,coffee-machines
https://pickireland.best/coffee-machines/best-pod-coffee-machines-ireland.html,coffee-machines
https://pickireland.best/coffee-machines/best-espresso-machines-beginners-ireland.html,coffee-machines
https://pickireland.best/coffee-machines/index.html,coffee-machines
https://pickireland.best/dehumidifiers/best-dehumidifiers-ireland.html,dehumidifiers
https://pickireland.best/dehumidifiers/best-small-dehumidifiers-bedroom-ireland.html,dehumidifiers
https://pickireland.best/dehumidifiers/best-20l-dehumidifiers-large-homes-ireland.html,dehumidifiers
https://pickireland.best/dehumidifiers/best-dehumidifiers-drying-clothes-ireland.html,dehumidifiers
https://pickireland.best/dehumidifiers/best-dehumidifiers-mould-damp-ireland.html,dehumidifiers
https://pickireland.best/dehumidifiers/index.html,dehumidifiers
https://pickireland.best/electric-bikes/best-electric-bikes-ireland.html,electric-bikes
https://pickireland.best/electric-bikes/best-electric-bikes-under-1000-ireland.html,electric-bikes
https://pickireland.best/electric-bikes/best-folding-electric-bikes-ireland.html,electric-bikes
https://pickireland.best/electric-bikes/best-electric-mountain-bikes-ireland.html,electric-bikes
https://pickireland.best/electric-bikes/best-commuter-electric-bikes-ireland.html,electric-bikes
https://pickireland.best/electric-bikes/index.html,electric-bikes
https://pickireland.best/electric-heaters/best-electric-heaters-ireland.html,electric-heaters
https://pickireland.best/electric-heaters/cheapest-electric-heaters-to-run-ireland.html,electric-heaters
https://pickireland.best/electric-heaters/best-oil-filled-radiators-ireland.html,electric-heaters
https://pickireland.best/electric-heaters/best-panel-heaters-ireland.html,electric-heaters
https://pickireland.best/electric-heaters/best-bathroom-small-room-heaters-ireland.html,electric-heaters
https://pickireland.best/electric-heaters/index.html,electric-heaters
https://pickireland.best/electric-scooters/best-electric-scooters-ireland.html,electric-scooters
https://pickireland.best/electric-scooters/best-budget-electric-scooters-under-500-ireland.html,electric-scooters
https://pickireland.best/electric-scooters/best-long-range-electric-scooters-ireland.html,electric-scooters
https://pickireland.best/electric-scooters/best-lightweight-folding-electric-scooters-ireland.html,electric-scooters
https://pickireland.best/electric-scooters/best-electric-scooters-heavy-adults-ireland.html,electric-scooters
https://pickireland.best/electric-scooters/index.html,electric-scooters
https://pickireland.best/home-office/best-ergonomic-office-chairs-ireland.html,home-office
https://pickireland.best/home-office/best-budget-office-chairs-under-200-ireland.html,home-office
https://pickireland.best/home-office/best-standing-desks-ireland.html,home-office
https://pickireland.best/home-office/best-desks-small-spaces-ireland.html,home-office
https://pickireland.best/home-office/best-standing-desk-converters-accessories-ireland.html,home-office
https://pickireland.best/home-office/index.html,home-office
https://pickireland.best/robot-lawn-mowers/best-robot-lawn-mowers-ireland.html,robot-lawn-mowers
https://pickireland.best/robot-lawn-mowers/best-robot-mowers-small-gardens-ireland.html,robot-lawn-mowers
https://pickireland.best/robot-lawn-mowers/best-robot-mowers-large-lawns-ireland.html,robot-lawn-mowers
https://pickireland.best/robot-lawn-mowers/best-wire-free-robot-mowers-ireland.html,robot-lawn-mowers
https://pickireland.best/robot-lawn-mowers/best-budget-robot-mowers-ireland.html,robot-lawn-mowers
https://pickireland.best/robot-lawn-mowers/index.html,robot-lawn-mowers
https://pickireland.best/robot-vacuums/best-robot-vacuums-ireland.html,robot-vacuums
https://pickireland.best/robot-vacuums/best-budget-robot-vacuums-under-300-ireland.html,robot-vacuums
https://pickireland.best/robot-vacuums/best-robot-vacuums-pet-hair-ireland.html,robot-vacuums
https://pickireland.best/robot-vacuums/best-robot-vacuum-mop-combos-ireland.html,robot-vacuums
https://pickireland.best/robot-vacuums/best-premium-self-empty-robot-vacuums-ireland.html,robot-vacuums
https://pickireland.best/robot-vacuums/index.html,robot-vacuums
